{
  "AWSEBDockerrunVersion": 3,
  "containerDefinitions": [
    {
      "name": "backend",
      "image": "camilocratos/histofy-backend:latest",
      "essential": true,
      "memory": 512,
      "portMappings": [
        {
          "containerPort": 8000,
          "hostPort": 8000
        }
      ],
      "environment": [
        {
          "Name": "DEEPSEEK_API_URL",
          "Value": "https://api.deepseek.com"
        },
        {
          "Name": "DEEPSEEK_API_KEY",
          "Value": "sk-e11da7f1ada1424b9d14ee4a5ebd382c"
        }
      ]
    }
  ]
}
